Workbook

Sheet Summary
A1: Firmware Security Testing - Comprehensive Summary
A3: Severity Distribution | B3: Count | C3: Percentage
A4: Critical | B4: =COUNTIF('Firmware Security Tests'!D:D,"Critical") -> 24 | C4: =B4/$B$8*100 -> 24
A5: High | B5: =COUNTIF('Firmware Security Tests'!D:D,"High") -> 56 | C5: =B5/$B$8*100 -> 56
A6: Medium | B6: =COUNTIF('Firmware Security Tests'!D:D,"Medium") -> 17 | C6: =B6/$B$8*100 -> 17
A7: Low | B7: =COUNTIF('Firmware Security Tests'!D:D,"Low") -> 3 | C7: =B7/$B$8*100 -> 3
A8: Total Tests | B8: =COUNTA('Firmware Security Tests'!A:A)-1 -> 100 | C8: 100%
A10: Testing Phase | B10: Count
A11: Static | B11: =COUNTIF('Firmware Security Tests'!E:E,"Static") -> 45
A12: Dynamic | B12: =COUNTIF('Firmware Security Tests'!E:E,"Dynamic") -> 14
A13: Network | B13: =COUNTIF('Firmware Security Tests'!E:E,"Network") -> 13
A14: Hardware | B14: =COUNTIF('Firmware Security Tests'!E:E,"Hardware") -> 14
A15: Exploitation | B15: =COUNTIF('Firmware Security Tests'!E:E,"Exploitation") -> 13
A16: Mixed | B16: =COUNTA('Firmware Security Tests'!E:E)-SUM(B11:B15)-1 -> 1
A18: CVSS Score Range | B18: Count
A19: Critical (9.0-10.0) | B19: =COUNTIFS('Firmware Security Tests'!K:K,">=9") -> 0
A20: High (7.0-8.9) | B20: =COUNTIFS('Firmware Security Tests'!K:K,">=7",'Firmware Security Tests'!K:K,"<9") -> 0
A21: Medium (4.0-6.9) | B21: =COUNTIFS('Firmware Security Tests'!K:K,">=4",'Firmware Security Tests'!K:K,"<7") -> 0
A22: Low (0.1-3.9) | B22: =COUNTIFS('Firmware Security Tests'!K:K,">=0.1",'Firmware Security Tests'!K:K,"<4") -> 0
A23: Informational (0.0) | B23: =COUNTIF('Firmware Security Tests'!K:K,"0.0") -> 6
A25: Category Breakdown | B25: Count
A26: Acquisition | B26: =COUNTIF('Firmware Security Tests'!C:C,"Acquisition") -> 7
A27: Analysis | B27: =COUNTIF('Firmware Security Tests'!C:C,"Analysis") -> 3
A28: Extraction | B28: =COUNTIF('Firmware Security Tests'!C:C,"Extraction") -> 5
A29: Secrets | B29: =COUNTIF('Firmware Security Tests'!C:C,"Secrets") -> 6
A30: Reverse Engineering | B30: =COUNTIF('Firmware Security Tests'!C:C,"Reverse Engineering") -> 4
A31: Exploitation | B31: =COUNTIF('Firmware Security Tests'!C:C,"Exploitation") -> 14
A32: Web | B32: =COUNTIF('Firmware Security Tests'!C:C,"Web") -> 2
A33: Network | B33: =COUNTIF('Firmware Security Tests'!C:C,"Network") -> 3
A34: Hardware | B34: =COUNTIF('Firmware Security Tests'!C:C,"Hardware") -> 6

Sheet Firmware Security Tests
A1: ID | B1: Test Case | C1: Category | D1: Severity | E1: Phase | F1: Tools | G1: Notes | H1: Required Tools | I1: Command/Steps | J1: OWASP Category | K1: CVSS Score
A2: 1 | B2: Firmware from Vendor Website | C2: Acquisition | D2: Low | E2: Static | F2: wget, curl, browser | G2: Download official firmware from vendor | H2: wget, curl | I2: wget https://vendor.com/firmware.bin curl -O https://vendor.com/firmware.bin | J2: A05:2021 - Security Misconfiguration | K2: 0.0
A3: 2 | B3: Firmware from Support/Community Forums | C3: Acquisition | D3: Low | E3: Static | F3: browser, web scraping | G3: Search support forums for firmware links | H3: Browser, grep | I3: Search vendor forums Check community repositories Verify firmware authenticity | J3: A05:2021 - Security Misconfiguration | K3: 0.0
A4: 3 | B4: OTA Update Sniffing | C4: Acquisition | D4: High | E4: Network | F4: Wireshark, tcpdump, Burp Suite | G4: Intercept OTA firmware updates | H4: Wireshark, tcpdump, mitmproxy | I4: tcpdump -i any -w ota.pcap port 80 or port 443 wireshark ota.pcap Setup MITM proxy | J4: M3 - Insecure Communication | K4: 7.5
A5: 4 | B5: Extract from Mobile Application | C5: Acquisition | D5: Medium | E5: Static | F5: jadx, apktool, MobSF | G5: Extract firmware URL from mobile app | H5: jadx, apktool | I5: jadx -d output/ app.apk grep -r 'firmware\|.bin\|.img' output/ apktool d app.apk | J5: A05:2021 - Security Misconfiguration | K5: 5.3
A6: 5 | B6: Dump Firmware from Device (UART) | C6: Acquisition | D6: High | E6: Hardware | F6: Bus Pirate, UART adapter, screen | G6: Extract firmware via UART interface | H6: screen, minicom, Bus Pirate | I6: screen /dev/ttyUSB0 115200 minicom -D /dev/ttyUSB0 cat /proc/mtd dd if=/dev/mtdblock0 of=firmware.bin | J6: M1 - Improper Platform Usage | K6: 6.5
A7: 6 | B7: Dump Firmware from Device (JTAG) | C7: Acquisition | D7: High | E7: Hardware | F7: OpenOCD, JTAGulator, Bus Pirate | G7: Extract firmware via JTAG interface | H7: OpenOCD, JTAGulator | I7: openocd -f interface/ftdi/buspirate.cfg -f target/arm.cfg JTAG pin identification Dump flash memory | J7: M1 - Improper Platform Usage | K7: 6.5
A8: 7 | B8: Dump Firmware from Device (SPI/I2C) | C8: Acquisition | D8: High | E8: Hardware | F8: flashrom, Bus Pirate, ch341a | G8: Extract firmware from flash chip | H8: flashrom, ch341a | I8: flashrom -p buspirate_spi:dev=/dev/ttyUSB0 -r firmware.bin flashrom -p ch341a_spi -r firmware.bin | J8: M1 - Improper Platform Usage | K8: 6.5
A9: 8 | B9: Identify Firmware File Type | C9: Analysis | D9: Low | E9: Static | F9: file, binwalk | G9: Determine firmware format and structure | H9: file, binwalk | I9: file firmware.bin binwalk firmware.bin binwalk -B firmware.bin | J9: A05:2021 - Security Misconfiguration | K9: 0.0
A10: 9 | B10: Analyze Firmware with Strings | C10: Analysis | D10: Medium | E10: Static | F10: strings, grep | G10: Extract readable strings from firmware | H10: strings, grep | I10: strings firmware.bin > strings.txt grep -i 'password\|key\|secret' strings.txt strings -el firmware.bin | J10: A07:2021 - ID & Auth Failures | K10: 5.3
A11: 10 | B11: Analyze Firmware with Hexdump | C11: Analysis | D11: Medium | E11: Static | F11: hexdump, xxd, ghex | G11: View firmware binary structure | H11: hexdump, xxd | I11: hexdump -C firmware.bin | less xxd firmware.bin | less ghex firmware.bin | J11: A02:2021 - Cryptographic Failures | K11: 4.3
A12: 11 | B12: Check Firmware Encryption Status | C12: Encryption | D12: Critical | E12: Static | F12: binwalk, entropy | G12: Determine if firmware is encrypted | H12: binwalk | I12: binwalk -E firmware.bin binwalk --entropy firmware.bin Check for high entropy regions | J12: A02:2021 - Cryptographic Failures | K12: 7.5
A13: 12 | B13: Identify Encryption Algorithm | C13: Encryption | D13: Critical | E13: Static | F13: binwalk, strings, hexdump | G13: Identify encryption method used | H13: strings, hexdump | I13: strings firmware.bin | grep -i 'aes\|des\|rsa' hexdump -C firmware.bin | grep -i cipher | J13: A02:2021 - Cryptographic Failures | K13: 7.5
... A101: 100 | B101: Document and Report Findings | C101: Reporting | D101: High | E101: Documentation | F101: markdown, screenshots | G101: Create comprehensive report | H101: text editor, tools | I101: Document all vulnerabilities Include PoC exploits Provide remediation steps Risk assessment | J101: N/A | K101: 0.0
